{"MSE": 2.452196424470529, "_timestamp": 1686101615.9413993, "_runtime": 6.282152414321899, "_step": 0, "_wandb": {"runtime": 5}}