{"MSE": 2.460654254801715, "_timestamp": 1686101594.157212, "_runtime": 20.364509105682373, "_step": 0, "_wandb": {"runtime": 19}}