{"MSE": 2.4627330560385374, "_timestamp": 1686101634.4750605, "_runtime": 4.084215402603149, "_step": 0, "_wandb": {"runtime": 3}}