{"MSE": 2.465083982775688, "_timestamp": 1686101562.533003, "_runtime": 4.588721036911011, "_step": 0, "_wandb": {"runtime": 3}}