{"MSE": 2.4514957932459858, "_timestamp": 1686101663.4752092, "_runtime": 17.417246341705322, "_step": 0, "_wandb": {"runtime": 16}}